name,team,position,games,total_minutes,fgm,fga,ftm,fta,tpm,tpa,reb,ast,stl,blk,to,pts,pf,ppg,rpg,apg,spg,bpg,topg,tpm_pg,mpg,fg_pct,ft_pct,tp_pct,efg_pct
DeJour Reaves,Fordham,G,25,842,168,365,66,81,27,95,106,94,48,5,59,429,44,17.2,4.2,3.8,1.9,0.2,2.4,1.1,33.7,0.4603,0.8148,0.2842,0.4973
Tarence Guinyard,Duquesne,G,24,783,129,268,86,122,55,142,81,124,30,0,52,399,59,16.6,3.4,5.2,1.2,0.0,2.2,2.3,32.6,0.4813,0.7049,0.3873,0.584
Jimmie Williams,Duquesne,G,25,716,144,296,64,83,53,140,118,68,41,3,39,405,55,16.2,4.7,2.7,1.6,0.1,1.6,2.1,28.6,0.4865,0.7711,0.3786,0.576
Frank Mitchell,St. Bonaventure,F,25,831,171,316,61,95,0,2,245,74,34,16,63,403,67,16.1,9.8,3.0,1.4,0.6,2.5,0.0,33.2,0.5411,0.6421,0.0,0.5411
Darryl Simmons II,St. Bonaventure,G,25,883,143,320,49,55,66,156,48,71,21,0,37,401,51,16.0,1.9,2.8,0.8,0.0,1.5,2.6,35.3,0.4469,0.8909,0.4231,0.55
Javon Bennett,Dayton,G,24,831,123,331,85,95,53,168,60,76,35,5,35,384,33,16.0,2.5,3.2,1.5,0.2,1.5,2.2,34.6,0.3716,0.8947,0.3155,0.4517
Rafael Castro,George Washington,C,21,541,122,191,90,136,0,0,188,33,40,31,32,334,36,15.9,9.0,1.6,1.9,1.5,1.5,0.0,25.8,0.6387,0.6618,,0.6387
Deuce Jones II,Saint Joseph's,G,10,267,47,118,51,64,13,49,43,33,13,2,28,158,26,15.8,4.3,3.3,1.3,0.2,2.8,1.3,26.7,0.3983,0.7969,0.2653,0.4534
Jaiden Glover-Toscano,Saint Joseph's,G,23,695,117,280,59,80,65,175,103,25,15,9,39,358,31,15.6,4.5,1.1,0.7,0.4,1.7,2.8,30.2,0.4179,0.7375,0.3714,0.5339
Kory Mincy,George Mason,G,26,896,130,280,79,88,57,140,90,82,28,1,43,396,54,15.2,3.5,3.2,1.1,0.0,1.7,2.2,34.5,0.4643,0.8977,0.4071,0.5661
Tyler Cochran,Rhode Island,F,25,768,121,279,100,137,36,115,139,47,72,4,46,378,69,15.1,5.6,1.9,2.9,0.2,1.8,1.4,30.7,0.4337,0.7299,0.313,0.4982
De'Shayne Montgomery,Dayton,G,23,727,125,240,58,69,36,97,86,52,62,16,45,344,48,15.0,3.7,2.3,2.7,0.7,2.0,1.6,31.6,0.5208,0.8406,0.3711,0.5958
Zarique Nutter,Fordham,,1,26,5,16,5,8,0,3,6,0,1,2,0,15,2,15.0,6.0,0.0,1.0,2.0,0.0,0.0,26.0,0.3125,0.625,0.0,0.3125
Terrence Hill Jr.,VCU,G,26,607,116,244,87,100,62,158,73,70,16,2,27,381,42,14.7,2.8,2.7,0.6,0.1,1.0,2.4,23.3,0.4754,0.87,0.3924,0.6025
Lazar Djokovic,VCU,F,25,679,103,192,122,160,14,39,146,27,14,33,35,342,50,13.7,5.8,1.1,0.6,1.3,1.4,0.6,27.2,0.5365,0.7625,0.359,0.5729
Jonah Hinton,Rhode Island,G,22,694,92,244,52,64,60,180,69,48,13,4,46,296,36,13.5,3.1,2.2,0.6,0.2,2.1,2.7,31.5,0.377,0.8125,0.3333,0.5
Riley Allenspach,George Mason,F,25,600,125,216,63,96,14,46,149,21,14,6,30,327,41,13.1,6.0,0.8,0.6,0.2,1.2,0.6,24.0,0.5787,0.6562,0.3043,0.6111
Derek Simpson,Saint Joseph's,G,25,831,117,282,61,68,33,117,130,117,35,5,53,328,31,13.1,5.2,4.7,1.4,0.2,2.1,1.3,33.2,0.4149,0.8971,0.2821,0.4734
Garrett Johnson,George Washington,G,22,538,93,217,56,67,44,125,85,27,10,4,23,286,41,13.0,3.9,1.2,0.5,0.2,1.0,2.0,24.5,0.4286,0.8358,0.352,0.53
Keeyan Itejere,Rhode Island,,1,19,4,4,5,6,0,0,7,1,2,1,1,13,3,13.0,7.0,1.0,2.0,1.0,1.0,0.0,19.0,1.0,0.8333,,1.0
Cayden Charles,St. Bonaventure,G,25,802,108,234,88,112,21,63,163,49,37,11,33,325,60,13.0,6.5,2.0,1.5,0.4,1.3,0.8,32.1,0.4615,0.7857,0.3333,0.5064
AJ Lopez,Richmond,G,26,633,100,211,103,118,31,76,56,31,21,13,25,334,46,12.8,2.2,1.2,0.8,0.5,1.0,1.2,24.3,0.4739,0.8729,0.4079,0.5474
Jahmere Tripp,Rhode Island,G,22,537,87,183,74,99,26,63,91,33,29,6,41,274,71,12.5,4.1,1.5,1.3,0.3,1.9,1.2,24.4,0.4754,0.7475,0.4127,0.5464
Jaeden Marshall,La Salle,G,24,683,89,240,73,83,46,135,54,31,8,1,27,297,36,12.4,2.2,1.3,0.3,0.0,1.1,1.9,28.5,0.3708,0.8795,0.3407,0.4667
Robbie Avila,Saint Louis,C,25,648,98,194,69,89,45,109,111,109,17,10,45,310,41,12.4,4.4,4.4,0.7,0.4,1.8,1.8,25.9,0.5052,0.7753,0.4128,0.6211
Trey Green,Saint Louis,G,24,572,98,200,18,22,76,161,77,42,23,0,16,290,31,12.1,3.2,1.8,1.0,0.0,0.7,3.2,23.8,0.49,0.8182,0.472,0.68
"Jerome Brewer, Jr.",La Salle,F,17,466,79,161,26,34,17,55,74,13,11,4,15,201,20,11.8,4.4,0.8,0.6,0.2,0.9,1.0,27.4,0.4907,0.7647,0.3091,0.5435
Roberts Blums,Davidson,G,24,502,96,195,39,58,52,118,69,25,14,0,21,283,37,11.8,2.9,1.0,0.6,0.0,0.9,2.2,20.9,0.4923,0.6724,0.4407,0.6256
Jahari Long,George Mason,G,26,865,95,213,79,95,33,91,89,98,14,4,46,302,48,11.6,3.4,3.8,0.5,0.2,1.8,1.3,33.3,0.446,0.8316,0.3626,0.5235
Christian Henry,Fordham,G,24,670,95,247,60,99,26,97,83,124,32,2,67,276,46,11.5,3.5,5.2,1.3,0.1,2.8,1.1,27.9,0.3846,0.6061,0.268,0.4372
Zarique Nutter,Fordham,F,2,23,8,13,7,8,0,0,11,3,2,0,4,23,3,11.5,5.5,1.5,1.0,0.0,2.0,0.0,11.5,0.6154,0.875,,0.6154
Justin Moore,Loyola Chicago,G,21,628,79,200,57,76,25,84,45,78,14,2,64,240,43,11.4,2.1,3.7,0.7,0.1,3.0,1.2,29.9,0.395,0.75,0.2976,0.4575
Amael L'Etang,Dayton,F,20,469,71,149,64,82,17,55,116,25,8,23,46,223,46,11.2,5.8,1.2,0.4,1.2,2.3,0.8,23.4,0.4765,0.7805,0.3091,0.5336
Dasear Haskins,Saint Joseph's,F,25,693,108,215,32,46,30,87,157,39,15,15,31,278,39,11.1,6.3,1.6,0.6,0.6,1.2,1.2,27.7,0.5023,0.6957,0.3448,0.5721
Rikus Schulte,Fordham,F,26,766,122,204,38,59,5,22,239,34,36,14,45,287,66,11.0,9.2,1.3,1.4,0.5,1.7,0.2,29.5,0.598,0.6441,0.2273,0.6103
Josh Scovens,Davidson,G,24,591,104,189,45,69,8,24,103,40,20,12,29,261,48,10.9,4.3,1.7,0.8,0.5,1.2,0.3,24.6,0.5503,0.6522,0.3333,0.5714
Fatt Hill,George Mason,G,20,492,73,145,66,90,4,20,72,39,17,4,37,216,54,10.8,3.6,2.0,0.8,0.2,1.8,0.2,24.6,0.5034,0.7333,0.2,0.5172
Dion Brown,Saint Louis,G,25,582,114,188,29,39,14,42,141,47,21,7,43,271,70,10.8,5.6,1.9,0.8,0.3,1.7,0.6,23.3,0.6064,0.7436,0.3333,0.6436
Miles Rubin,Loyola Chicago,C,26,760,123,209,35,69,0,1,193,51,18,61,45,281,48,10.8,7.4,2.0,0.7,2.3,1.7,0.0,29.2,0.5885,0.5072,0.0,0.5885
Amari McCottry,Saint Louis,G,24,547,98,185,45,79,15,46,133,70,31,12,56,256,54,10.7,5.5,2.9,1.3,0.5,2.3,0.6,22.8,0.5297,0.5696,0.3261,0.5703
Aiden Argabright,Richmond,G,25,565,65,157,114,136,21,62,49,53,31,0,18,265,56,10.6,2.0,2.1,1.2,0.0,0.7,0.8,22.6,0.414,0.8382,0.3387,0.4809
Trey Autry,George Washington,G,25,709,88,202,29,36,60,156,89,44,21,7,23,265,62,10.6,3.6,1.8,0.8,0.3,0.9,2.4,28.4,0.4356,0.8056,0.3846,0.5842
Dasonte Bowen,St. Bonaventure,G,24,797,90,202,62,71,9,31,72,113,27,0,43,251,49,10.5,3.0,4.7,1.1,0.0,1.8,0.4,33.2,0.4455,0.8732,0.2903,0.4678
Xavier Amos,Loyola Chicago,F,12,303,37,100,37,49,14,53,45,9,2,6,13,125,25,10.4,3.8,0.8,0.2,0.5,1.1,1.2,25.2,0.37,0.7551,0.2642,0.44
Jadrian Tracey,VCU,F,26,595,90,212,41,58,49,127,76,52,20,11,53,270,55,10.4,2.9,2.0,0.8,0.4,2.0,1.9,22.9,0.4245,0.7069,0.3858,0.5401
John Hugley IV,Duquesne,F,19,363,64,125,58,79,9,29,83,31,4,3,35,195,43,10.3,4.4,1.6,0.2,0.2,1.8,0.5,19.1,0.512,0.7342,0.3103,0.548
Quentin Jones,Saint Louis,G,25,651,87,176,54,67,26,66,103,77,23,23,49,254,64,10.2,4.1,3.1,0.9,0.9,2.0,1.0,26.0,0.4943,0.806,0.3939,0.5682
Parker Friedrichsen,Davidson,G,24,583,81,186,39,52,45,107,59,36,34,1,28,246,40,10.2,2.5,1.5,1.4,0.0,1.2,1.9,24.3,0.4355,0.75,0.4206,0.5565
Jack Whitbourn,Fordham,,4,101,17,28,5,6,1,2,34,4,1,0,6,40,5,10.0,8.5,1.0,0.2,0.0,1.5,0.2,25.2,0.6071,0.8333,0.5,0.625
Christian Jones,George Washington,G,25,626,96,207,27,41,30,83,66,74,29,5,51,249,45,10.0,2.6,3.0,1.2,0.2,2.0,1.2,25.0,0.4638,0.6585,0.3614,0.5362
Myles Corey,Rhode Island,G,25,640,92,174,48,66,16,60,73,44,33,11,34,248,41,9.9,2.9,1.8,1.3,0.4,1.4,0.6,25.6,0.5287,0.7273,0.2667,0.5747
Rob Dockery,La Salle,G,25,644,86,174,67,92,9,38,143,66,37,3,66,248,67,9.9,5.7,2.6,1.5,0.1,2.6,0.4,25.8,0.4943,0.7283,0.2368,0.5201
Will Johnston,Richmond,G,26,702,81,212,41,47,49,126,78,60,15,1,20,252,45,9.7,3.0,2.3,0.6,0.0,0.8,1.9,27.0,0.3821,0.8723,0.3889,0.4976
Ishan Sharma,Saint Louis,F,25,536,74,162,32,38,62,142,70,38,16,1,10,242,34,9.7,2.8,1.5,0.6,0.0,0.4,2.5,21.4,0.4568,0.8421,0.4366,0.6481
Kellen Thames,Saint Louis,G,23,394,91,136,38,57,1,5,116,48,31,4,27,221,35,9.6,5.0,2.1,1.3,0.2,1.2,0.0,17.1,0.6691,0.6667,0.2,0.6728
Kayde Dotson,Loyola Chicago,G,21,523,64,171,35,47,39,115,55,36,12,1,30,202,45,9.6,2.6,1.7,0.6,0.0,1.4,1.9,24.9,0.3743,0.7447,0.3391,0.4883
Tre Dinkins,George Washington,G,26,572,77,192,32,38,62,160,49,46,9,3,38,248,29,9.5,1.9,1.8,0.3,0.1,1.5,2.4,22.0,0.401,0.8421,0.3875,0.5625
Jaden Daughtry,Richmond,F,26,423,92,175,37,55,20,44,82,19,23,4,40,241,40,9.3,3.2,0.7,0.9,0.2,1.5,0.8,16.3,0.5257,0.6727,0.4545,0.5829
Deywilk Tavarez,Loyola Chicago,G,26,554,76,220,32,36,52,165,58,38,11,2,36,236,45,9.1,2.2,1.5,0.4,0.1,1.4,2.0,21.3,0.3455,0.8889,0.3152,0.4636
Josiah Harris,La Salle,F,23,471,78,171,51,69,0,0,127,11,11,6,33,207,42,9.0,5.5,0.5,0.5,0.3,1.4,0.0,20.5,0.4561,0.7391,,0.4561
Keonte Jones,Dayton,F,9,282,31,57,12,19,5,11,45,20,20,9,14,79,26,8.8,5.0,2.2,2.2,1.0,1.6,0.6,31.3,0.5439,0.6316,0.4545,0.5877
Jordan Derkack,Dayton,G,19,476,35,92,87,121,7,30,82,52,24,2,39,164,35,8.6,4.3,2.7,1.3,0.1,2.1,0.4,25.1,0.3804,0.719,0.2333,0.4185
Brandon Jennings,VCU,G,26,620,66,156,76,88,15,41,79,54,39,18,36,223,74,8.6,3.0,2.1,1.5,0.7,1.4,0.6,23.8,0.4231,0.8636,0.3659,0.4712
Sam Brown,Davidson,G,21,486,65,171,22,34,28,89,40,52,11,4,28,180,34,8.6,1.9,2.5,0.5,0.2,1.3,1.3,23.1,0.3801,0.6471,0.3146,0.462
Masai Troutman,George Mason,G,24,585,59,144,61,76,25,71,81,33,13,5,30,204,30,8.5,3.4,1.4,0.5,0.2,1.2,1.0,24.4,0.4097,0.8026,0.3521,0.4965
Nyk Lewis,VCU,G,25,581,64,156,54,70,31,95,100,46,29,1,26,213,48,8.5,4.0,1.8,1.2,0.0,1.0,1.2,23.2,0.4103,0.7714,0.3263,0.5096
Daniel Egbuniwe,St. Bonaventure,F,22,520,61,144,30,39,33,85,73,28,22,10,26,185,56,8.4,3.3,1.3,1.0,0.5,1.2,1.5,23.6,0.4236,0.7692,0.3882,0.5382
Keonte Jones,Dayton,G,15,458,42,83,32,46,6,19,91,31,20,7,27,122,44,8.1,6.1,2.1,1.3,0.5,1.8,0.4,30.5,0.506,0.6957,0.3158,0.5422
Tyrone Marshall,George Washington,F,24,543,70,146,43,58,12,41,108,51,29,14,39,195,70,8.1,4.5,2.1,1.2,0.6,1.6,0.5,22.6,0.4795,0.7414,0.2927,0.5205
Jakub Necas,Duquesne,F,24,610,64,119,51,72,15,33,133,31,25,14,37,194,67,8.1,5.5,1.3,1.0,0.6,1.5,0.6,25.4,0.5378,0.7083,0.4545,0.6008
Jean Aranguren,George Washington,G,26,593,71,134,46,66,19,43,110,88,27,12,53,207,61,8.0,4.2,3.4,1.0,0.5,2.0,0.7,22.8,0.5299,0.697,0.4419,0.6007
Luke Hunger,George Washington,F,26,463,69,139,59,74,9,27,127,21,5,2,35,206,54,7.9,4.9,0.8,0.2,0.1,1.3,0.3,17.8,0.4964,0.7973,0.3333,0.5288
Joshua Ola-Joseph,Loyola Chicago,F,23,515,58,147,40,55,23,80,93,15,7,3,24,179,42,7.8,4.0,0.7,0.3,0.1,1.0,1.0,22.4,0.3946,0.7273,0.2875,0.4728
Brady Dunlap,Saint Louis,F,24,419,54,120,41,50,39,84,57,22,7,0,20,188,39,7.8,2.4,0.9,0.3,0.0,0.8,1.6,17.5,0.45,0.82,0.4643,0.6125
Mike Walz,Richmond,C,26,531,75,155,27,38,26,63,179,53,11,18,44,203,49,7.8,6.9,2.0,0.4,0.7,1.7,1.0,20.4,0.4839,0.7105,0.4127,0.5677
Keeyan Itejere,Rhode Island,F,24,690,72,105,39,60,0,0,132,15,19,35,38,183,82,7.6,5.5,0.6,0.8,1.5,1.6,0.0,28.8,0.6857,0.65,,0.6857
Alex Williams,Duquesne,F,23,350,52,122,46,55,25,71,68,17,11,3,17,175,37,7.6,3.0,0.7,0.5,0.1,0.7,1.1,15.2,0.4262,0.8364,0.3521,0.5287
David Dixon,Duquesne,F,25,538,73,120,39,53,2,11,122,30,27,36,41,187,76,7.5,4.9,1.2,1.1,1.4,1.6,0.1,21.5,0.6083,0.7358,0.1818,0.6167
Austin Williford,Saint Joseph's,G,25,587,66,157,29,39,27,79,109,36,33,6,27,188,51,7.5,4.4,1.4,1.3,0.2,1.1,1.1,23.5,0.4204,0.7436,0.3418,0.5064
Ashton Walker,La Salle,G,25,642,67,169,39,63,12,51,86,82,25,1,43,185,48,7.4,3.4,3.3,1.0,0.0,1.7,0.5,25.7,0.3964,0.619,0.2353,0.432
Jack Whitbourn,Fordham,C,7,161,22,57,7,8,1,8,58,4,4,3,7,52,12,7.4,8.3,0.6,0.6,0.4,1.0,0.1,23.0,0.386,0.875,0.125,0.3947
Michael Belle,VCU,F,26,559,76,136,24,46,14,27,123,28,14,23,21,190,52,7.3,4.7,1.1,0.5,0.9,0.8,0.5,21.5,0.5588,0.5217,0.5185,0.6103
Chuck Love III,Loyola Chicago,G,13,322,30,75,15,19,19,58,34,13,3,2,9,94,24,7.2,2.6,1.0,0.2,0.2,0.7,1.5,24.8,0.4,0.7895,0.3276,0.5267
Nick Coval,Davidson,G,23,472,54,107,38,43,20,50,37,36,10,1,26,166,39,7.2,1.6,1.6,0.4,0.0,1.1,0.9,20.5,0.5047,0.8837,0.4,0.5981
Barry Evans,VCU,F,26,667,80,178,11,22,16,54,131,56,28,15,30,187,43,7.2,5.0,2.2,1.1,0.6,1.2,0.6,25.7,0.4494,0.5,0.2963,0.4944
Akira Jacobs,Fordham,F,26,730,65,164,21,28,33,105,120,23,13,3,18,184,57,7.1,4.6,0.9,0.5,0.1,0.7,1.3,28.1,0.3963,0.75,0.3143,0.497
Bryce Heard,Dayton,G,24,476,52,123,48,63,19,55,55,20,12,3,21,171,41,7.1,2.3,0.8,0.5,0.1,0.9,0.8,19.8,0.4228,0.7619,0.3455,0.5
Abass Bodija,Fordham,F,21,388,54,103,31,39,5,15,109,19,10,12,21,144,32,6.9,5.2,0.9,0.5,0.6,1.0,0.2,18.5,0.5243,0.7949,0.3333,0.5485
Maximus Edwards,Duquesne,G,20,332,49,120,21,32,19,62,57,28,8,3,18,138,17,6.9,2.8,1.4,0.4,0.2,0.9,1.0,16.6,0.4083,0.6562,0.3065,0.4875
Bubu Benjamin,George Washington,G,22,517,52,130,23,32,21,78,72,26,25,10,19,148,56,6.7,3.3,1.2,1.1,0.5,0.9,1.0,23.5,0.4,0.7188,0.2692,0.4808
Roor Akhuar,Fordham,F,19,360,46,98,4,9,27,66,63,11,10,11,14,123,38,6.5,3.3,0.6,0.5,0.6,0.7,1.4,18.9,0.4694,0.4444,0.4091,0.6071
Anthony Finkley,Saint Joseph's,F,24,506,41,146,47,58,26,97,88,45,6,5,37,155,49,6.5,3.7,1.9,0.2,0.2,1.5,1.1,21.1,0.2808,0.8103,0.268,0.3699
Mouhamed Sow,Rhode Island,F,5,100,13,26,5,8,1,5,28,1,3,3,3,32,10,6.4,5.6,0.2,0.6,0.6,0.6,0.2,20.0,0.5,0.625,0.2,0.5192
Devin Brown,Davidson,G,24,530,51,130,32,48,20,66,73,39,17,4,23,154,28,6.4,3.0,1.6,0.7,0.2,1.0,0.8,22.1,0.3923,0.6667,0.303,0.4692
Justin Archer,La Salle,F,12,236,24,44,27,41,0,0,54,3,8,5,6,75,26,6.2,4.5,0.2,0.7,0.4,0.5,0.0,19.7,0.5455,0.6585,,0.5455
Jonathan Beagle,Richmond,F,23,349,49,90,44,70,0,2,109,36,12,4,25,142,50,6.2,4.7,1.6,0.5,0.2,1.1,0.0,15.2,0.5444,0.6286,0.0,0.5444
Kymany Houinsou,Loyola Chicago,G,20,509,39,75,37,57,5,12,84,60,11,6,43,120,48,6.0,4.2,3.0,0.6,0.3,2.2,0.2,25.4,0.52,0.6491,0.4167,0.5533
Tyrell Ward,VCU,G,21,274,40,84,30,46,15,45,47,9,10,4,23,125,16,6.0,2.2,0.4,0.5,0.2,1.1,0.7,13.0,0.4762,0.6522,0.3333,0.5655
Mikkel Tyne,Richmond,G,25,474,52,134,9,15,32,85,27,38,19,0,24,145,47,5.8,1.1,1.5,0.8,0.0,1.0,1.3,19.0,0.3881,0.6,0.3765,0.5075
Paul Otieno,Saint Louis,F,25,384,53,90,38,51,2,3,99,21,9,19,16,146,51,5.8,4.0,0.8,0.4,0.8,0.6,0.1,15.4,0.5889,0.7451,0.6667,0.6
Nicolus Anderson,Loyola Chicago,G,20,333,38,105,20,32,16,54,48,11,8,5,17,112,21,5.6,2.4,0.6,0.4,0.2,0.8,0.8,16.6,0.3619,0.625,0.2963,0.4381
Cameron Crawford,Duquesne,G,25,540,50,136,10,17,30,86,53,28,16,2,20,140,43,5.6,2.1,1.1,0.6,0.1,0.8,1.2,21.6,0.3676,0.5882,0.3488,0.4779
Eric Acker,La Salle,G,19,359,40,107,14,23,12,36,28,38,12,1,30,106,13,5.6,1.5,2.0,0.6,0.1,1.6,0.6,18.9,0.3738,0.6087,0.3333,0.4299
Hunter Adam,Davidson,F,23,343,45,86,10,13,27,63,47,18,9,7,10,127,37,5.5,2.0,0.8,0.4,0.3,0.4,1.2,14.9,0.5233,0.7692,0.4286,0.6802
Jaiun Simon,Dayton,F,23,357,36,75,45,62,9,23,65,17,12,11,13,126,42,5.5,2.8,0.7,0.5,0.5,0.6,0.4,15.5,0.48,0.7258,0.3913,0.54
Collin Tanner,Richmond,G,23,391,49,113,16,22,12,45,71,18,11,2,15,126,22,5.5,3.1,0.8,0.5,0.1,0.7,0.5,17.0,0.4336,0.7273,0.2667,0.4867
Jaden Johnson,La Salle,G,12,345,19,74,25,38,2,13,25,52,14,0,16,65,22,5.4,2.1,4.3,1.2,0.0,1.3,0.2,28.8,0.2568,0.6579,0.1538,0.2703
Jordan Tillery,VCU,G,9,78,17,30,10,14,4,7,17,6,4,2,3,48,11,5.3,1.9,0.7,0.4,0.2,0.3,0.4,8.7,0.5667,0.7143,0.5714,0.6333
Joseph Grahovac,St. Bonaventure,F,25,465,49,95,12,14,19,49,77,20,11,43,22,129,40,5.2,3.1,0.8,0.4,1.7,0.9,0.8,18.6,0.5158,0.8571,0.3878,0.6158
RJ Johnson,Rhode Island,G,24,562,40,109,37,39,9,39,43,79,18,0,31,126,33,5.2,1.8,3.3,0.8,0.0,1.3,0.4,23.4,0.367,0.9487,0.2308,0.4083
Justice Ajogbor,Saint Joseph's,F,25,594,49,78,28,46,0,0,127,33,5,58,18,126,47,5.0,5.1,1.3,0.2,2.3,0.7,0.0,23.8,0.6282,0.6087,,0.6282
Alex Crawford,Rhode Island,F,25,505,48,123,14,33,16,55,89,5,19,17,27,126,59,5.0,3.6,0.2,0.8,0.7,1.1,0.6,20.2,0.3902,0.4242,0.2909,0.4553
Ahmad Nowell,VCU,G,24,273,36,81,27,36,22,55,29,17,13,2,13,121,36,5.0,1.2,0.7,0.5,0.1,0.5,0.9,11.4,0.4444,0.75,0.4,0.5802
Malcolm Thomas,Dayton,F,18,184,32,58,20,34,5,14,31,7,4,16,16,89,32,4.9,1.7,0.4,0.2,0.9,0.9,0.3,10.2,0.5517,0.5882,0.3571,0.5948
Amarâ€™e Marshall,St. Bonaventure,G,11,146,20,41,6,10,6,18,21,15,5,0,8,52,15,4.7,1.9,1.4,0.5,0.0,0.7,0.5,13.3,0.4878,0.6,0.3333,0.561
Marcus Greene,Fordham,G,25,427,43,109,2,4,27,82,28,17,10,3,8,115,33,4.6,1.1,0.7,0.4,0.1,0.3,1.1,17.1,0.3945,0.5,0.3293,0.5183
David Thomas,Richmond,G,26,392,45,99,7,8,22,49,32,15,18,2,11,119,29,4.6,1.2,0.6,0.7,0.1,0.4,0.8,15.1,0.4545,0.875,0.449,0.5657
Khaafiq Myers,Saint Joseph's,G,24,371,44,123,14,23,8,45,59,46,13,0,25,110,23,4.6,2.5,1.9,0.5,0.0,1.0,0.3,15.5,0.3577,0.6087,0.1778,0.3902
Truth Harris,La Salle,G,16,332,24,75,9,12,15,55,24,18,15,1,18,72,28,4.5,1.5,1.1,0.9,0.1,1.1,0.9,20.8,0.32,0.75,0.2727,0.42
Jake DiMichele,Duquesne,G,18,284,30,67,10,12,11,36,23,14,8,3,6,81,25,4.5,1.3,0.8,0.4,0.2,0.3,0.6,15.8,0.4478,0.8333,0.3056,0.5299
Jace Howard,Fordham,G,2,20,3,7,2,2,1,3,6,0,0,0,2,9,6,4.5,3.0,0.0,0.0,0.0,1.0,0.5,10.0,0.4286,1.0,0.3333,0.5
Emmanuel Kanga,George Mason,F,25,315,38,63,35,64,0,0,125,12,4,17,14,111,51,4.4,5.0,0.5,0.2,0.7,0.6,0.0,12.6,0.6032,0.5469,,0.6032
Ian Platteeuw,Davidson,F,21,323,39,82,13,27,2,6,88,40,12,10,29,93,27,4.4,4.2,1.9,0.6,0.5,1.4,0.1,15.4,0.4756,0.4815,0.3333,0.4878
Nick Ellington,George Mason,F,24,300,40,73,26,40,0,0,70,5,8,16,17,106,31,4.4,2.9,0.2,0.3,0.7,0.7,0.0,12.5,0.5479,0.65,,0.5479
Edwin Daniel,La Salle,F,24,367,45,94,11,23,0,2,91,10,16,32,22,101,61,4.2,3.8,0.4,0.7,1.3,0.9,0.0,15.3,0.4787,0.4783,0.0,0.4787
Sean Logan,Davidson,F,16,246,26,49,16,30,0,2,42,13,8,36,13,68,37,4.2,2.6,0.8,0.5,2.2,0.8,0.0,15.4,0.5306,0.5333,0.0,0.5306
Malik Presley,George Mason,G,26,472,41,79,16,36,7,20,49,24,16,8,22,105,44,4.0,1.9,0.9,0.6,0.3,0.8,0.3,18.2,0.519,0.4444,0.35,0.5633
Brayden O'Connor,George Mason,G,1,15,2,8,0,0,0,3,3,1,1,0,3,4,0,4.0,3.0,1.0,1.0,0.0,3.0,0.0,15.0,0.25,,0.0,0.25
Will Harper III,Richmond,G,11,128,12,34,15,18,5,15,20,7,3,0,6,44,17,4.0,1.8,0.6,0.3,0.0,0.5,0.5,11.6,0.3529,0.8333,0.3333,0.4265
RJ Greer,Davidson,G,15,105,16,36,14,15,12,25,9,5,3,1,6,58,9,3.9,0.6,0.3,0.2,0.1,0.4,0.8,7.0,0.4444,0.9333,0.48,0.6111
Dola Adebayo,George Mason,F,21,243,26,65,19,24,6,21,49,10,14,7,15,77,24,3.7,2.3,0.5,0.7,0.3,0.7,0.3,11.6,0.4,0.7917,0.2857,0.4462
Noah Collier,La Salle,F,3,42,5,12,1,2,0,0,7,4,0,3,1,11,9,3.7,2.3,1.3,0.0,1.0,0.3,0.0,14.0,0.4167,0.5,,0.4167
Louis Lesmond,Fordham,G,22,448,30,105,6,13,13,64,52,23,7,3,16,79,19,3.6,2.4,1.0,0.3,0.1,0.7,0.6,20.4,0.2857,0.4615,0.2031,0.3476
Keyshawn Mitchell,VCU,F,17,193,18,45,19,30,5,24,49,9,4,5,9,60,23,3.5,2.9,0.5,0.2,0.3,0.5,0.3,11.4,0.4,0.6333,0.2083,0.4556
Jacob Conner,Dayton,F,24,472,30,78,12,22,13,49,70,31,19,7,16,85,42,3.5,2.9,1.3,0.8,0.3,0.7,0.5,19.7,0.3846,0.5455,0.2653,0.4679
Jax Kerr,Saint Louis,F,14,103,18,47,6,9,5,25,31,4,4,6,6,47,18,3.4,2.2,0.3,0.3,0.4,0.4,0.4,7.4,0.383,0.6667,0.2,0.4362
Damon Strand,La Salle,G,16,189,17,53,7,7,12,39,14,7,7,3,4,53,10,3.3,0.9,0.4,0.4,0.2,0.2,0.8,11.8,0.3208,1.0,0.3077,0.434
Andrew Osasuyi,St. Bonaventure,C,24,263,31,51,13,25,0,0,57,5,13,34,18,75,43,3.1,2.4,0.2,0.5,1.4,0.8,0.0,11.0,0.6078,0.52,,0.6078
Jaylen Robinson,Richmond,F,25,234,31,48,13,29,1,4,37,18,10,5,10,76,42,3.0,1.5,0.7,0.4,0.2,0.4,0.0,9.4,0.6458,0.4483,0.25,0.6562
Dom Aekins,Duquesne,G,14,112,17,40,4,7,4,14,11,10,5,0,9,42,16,3.0,0.8,0.7,0.4,0.0,0.6,0.3,8.0,0.425,0.5714,0.2857,0.475
Jaden Smith,Saint Joseph's,C,25,238,26,51,23,32,1,7,44,6,5,15,19,76,43,3.0,1.8,0.2,0.2,0.6,0.8,0.0,9.5,0.5098,0.7188,0.1429,0.5196
Apostolos Roumoglou,Richmond,G,23,371,27,77,4,6,12,56,76,28,12,11,9,70,19,3.0,3.3,1.2,0.5,0.5,0.4,0.5,16.1,0.3506,0.6667,0.2143,0.4286
Ilia Ermakov,St. Bonaventure,G,9,100,10,22,0,2,6,14,10,11,7,1,11,26,5,2.9,1.1,1.2,0.8,0.1,1.2,0.7,11.1,0.4545,0.0,0.4286,0.5909
"JaQualon ""JQ"" Roberts",Davidson,F,22,284,23,52,17,26,1,9,62,10,14,8,12,64,33,2.9,2.8,0.5,0.6,0.4,0.5,0.0,12.9,0.4423,0.6538,0.1111,0.4519
Daniil Glazkov,Loyola Chicago,G,19,211,18,41,7,13,11,28,39,7,4,0,8,54,20,2.8,2.1,0.4,0.2,0.0,0.4,0.6,11.1,0.439,0.5385,0.3929,0.5732
Achille Lonati,St. Bonaventure,G,23,198,23,64,8,13,11,47,17,14,11,1,10,65,14,2.8,0.7,0.6,0.5,0.0,0.4,0.5,8.6,0.3594,0.6154,0.234,0.4453
Brandon Hall,Duquesne,G,18,259,15,45,8,16,10,24,19,13,16,2,17,48,27,2.7,1.1,0.7,0.9,0.1,0.9,0.6,14.4,0.3333,0.5,0.4167,0.4444
Alexander Richardson,Loyola Chicago,C,23,233,26,45,9,24,0,1,70,16,4,11,11,61,31,2.7,3.0,0.7,0.2,0.5,0.5,0.0,10.1,0.5778,0.375,0.0,0.5778
Jalen Harper,Rhode Island,G,19,213,15,40,10,17,9,26,30,4,2,4,9,49,20,2.6,1.6,0.2,0.1,0.2,0.5,0.5,11.2,0.375,0.5882,0.3462,0.4875
Stas Sivka,George Mason,F,24,272,19,48,11,14,10,32,37,9,3,7,10,59,15,2.5,1.5,0.4,0.1,0.3,0.4,0.4,11.3,0.3958,0.7857,0.3125,0.5
Damone King,Rhode Island,G,22,171,19,47,6,7,7,27,12,4,7,2,6,51,8,2.3,0.5,0.2,0.3,0.1,0.3,0.3,7.8,0.4043,0.8571,0.2593,0.4787
Damon Friery,Dayton,F,11,68,8,21,3,8,6,14,15,1,2,2,2,25,6,2.3,1.4,0.1,0.2,0.2,0.2,0.5,6.2,0.381,0.375,0.4286,0.5238
Ryan Pettis,Fordham,G,6,69,5,17,2,4,1,10,11,11,8,3,2,13,10,2.2,1.8,1.8,1.3,0.5,0.3,0.2,11.5,0.2941,0.5,0.1,0.3235
Kingston Price,Fordham,G,17,142,15,32,0,0,6,18,9,8,3,0,7,36,21,2.1,0.5,0.5,0.2,0.0,0.4,0.4,8.4,0.4688,,0.3333,0.5625
Lazar Milosevic,Duquesne,F,12,90,9,16,5,8,1,5,18,5,3,0,4,24,15,2.0,1.5,0.4,0.2,0.0,0.3,0.1,7.5,0.5625,0.625,0.2,0.5938
Manie Joses,Davidson,F,24,254,21,35,3,5,4,16,58,13,14,15,5,49,21,2.0,2.4,0.5,0.6,0.6,0.2,0.2,10.6,0.6,0.6,0.25,0.6571
Ty Bevins,George Washington,G,10,78,6,19,3,4,4,15,13,2,2,0,3,19,10,1.9,1.3,0.2,0.2,0.0,0.3,0.4,7.8,0.3158,0.75,0.2667,0.4211
Al Amadou,Saint Joseph's,F,8,65,6,11,3,7,0,2,9,3,0,5,5,15,5,1.9,1.1,0.4,0.0,0.6,0.6,0.0,8.1,0.5455,0.4286,0.0,0.5455
Steven Solano,Saint Joseph's,C,8,36,7,9,1,2,0,0,10,1,0,1,4,15,5,1.9,1.2,0.1,0.0,0.1,0.5,0.0,4.5,0.7778,0.5,,0.7778
Mekai Johnson,Saint Joseph's,G,10,54,8,15,0,0,2,9,5,1,3,0,2,18,6,1.8,0.5,0.1,0.3,0.0,0.2,0.2,5.4,0.5333,,0.2222,0.6
Caleb Reese,Loyola Chicago,G,14,192,8,29,6,13,3,15,19,22,7,0,17,25,20,1.8,1.4,1.6,0.5,0.0,1.2,0.2,13.7,0.2759,0.4615,0.2,0.3276
Cam Hutson,Saint Louis,G,15,87,8,23,8,11,1,12,15,3,1,1,12,25,16,1.7,1.0,0.2,0.1,0.1,0.8,0.1,5.8,0.3478,0.7273,0.0833,0.3696
Joe Hurlburt,Davidson,F,8,71,5,14,1,4,2,6,27,6,1,1,6,13,10,1.6,3.4,0.8,0.1,0.1,0.8,0.2,8.9,0.3571,0.25,0.3333,0.4286
Aidan Crotty,Fordham,G,5,12,3,5,0,0,2,3,1,1,0,0,1,8,2,1.6,0.2,0.2,0.0,0.0,0.2,0.4,2.4,0.6,,0.6667,0.8
Devin Booker,George Mason,G,19,136,10,39,7,14,4,24,12,4,2,3,7,31,9,1.6,0.6,0.2,0.1,0.2,0.4,0.2,7.2,0.2564,0.5,0.1667,0.3077
Amir Arrington,George Washington,G,4,12,2,6,0,0,2,5,0,0,0,0,0,6,0,1.5,0.0,0.0,0.0,0.0,0.0,0.5,3.0,0.3333,,0.4,0.5
Drissa Traore,Rhode Island,F,17,144,9,24,6,16,2,12,26,3,5,6,8,26,22,1.5,1.5,0.2,0.3,0.4,0.5,0.1,8.5,0.375,0.375,0.1667,0.4167
Stef van Bussel,Duquesne,C,15,95,10,11,3,10,0,0,26,7,1,2,14,23,16,1.5,1.7,0.5,0.1,0.1,0.9,0.0,6.3,0.9091,0.3,,0.9091
Jack DeRose,St. Bonaventure,G,2,6,1,2,0,0,1,2,0,0,0,0,2,3,0,1.5,0.0,0.0,0.0,0.0,1.0,0.5,3.0,0.5,,0.5,0.75
Dominick Harris,Loyola Chicago,G,7,45,3,16,1,2,3,14,4,2,0,0,2,10,5,1.4,0.6,0.3,0.0,0.0,0.3,0.4,6.4,0.1875,0.5,0.2143,0.2812
Bryson McGlothin,Richmond,F,3,13,1,5,1,2,1,4,3,0,1,0,0,4,2,1.3,1.0,0.0,0.3,0.0,0.0,0.3,4.3,0.2,0.5,0.25,0.3
Ethan Anish,Duquesne,G,4,10,1,2,3,4,0,1,0,0,0,0,0,5,2,1.2,0.0,0.0,0.0,0.0,0.0,0.0,2.5,0.5,0.75,0.0,0.5
Nas Hart,La Salle,F,13,92,4,12,7,8,0,0,21,0,1,0,3,15,7,1.2,1.6,0.0,0.1,0.0,0.2,0.0,7.1,0.3333,0.875,,0.3333
Jordann Dumont,VCU,F,7,20,3,9,2,2,0,6,1,0,1,0,0,8,2,1.1,0.1,0.0,0.1,0.0,0.0,0.0,2.9,0.3333,1.0,0.0,0.3333
Will Lange,Saint Joseph's,G,4,15,1,3,2,2,0,1,2,1,0,0,1,4,1,1.0,0.5,0.2,0.0,0.0,0.2,0.0,3.8,0.3333,1.0,0.0,0.3333
Christian Fermin,VCU,C,3,35,0,1,3,8,0,0,6,2,1,5,0,3,5,1.0,2.0,0.7,0.3,1.7,0.0,0.0,11.7,0.0,0.375,,0.0
Brock Matheny,Davidson,G,3,13,1,4,0,0,1,4,0,0,0,0,1,3,2,1.0,0.0,0.0,0.0,0.0,0.3,0.3,4.3,0.25,,0.25,0.375
Jameson O'Toole,Fordham,G,7,25,2,8,2,2,1,5,6,3,1,0,2,7,1,1.0,0.9,0.4,0.1,0.0,0.3,0.1,3.6,0.25,1.0,0.2,0.3125
Lucas Prolla,Duquesne,G,4,10,1,2,1,2,1,2,2,0,3,0,2,4,1,1.0,0.5,0.0,0.8,0.0,0.5,0.2,2.5,0.5,0.5,0.5,0.75
Isaac Holmes,Saint Louis,G,11,34,4,11,1,2,2,8,9,4,1,1,0,11,3,1.0,0.8,0.4,0.1,0.1,0.0,0.2,3.1,0.3636,0.5,0.25,0.4545
John Nowland,Davidson,F,3,11,0,0,3,6,0,0,1,0,1,0,1,3,3,1.0,0.3,0.0,0.3,0.0,0.3,0.0,3.7,,0.5,,
Jaden Schertz,Saint Louis,G,10,32,3,7,2,4,0,1,6,1,1,0,2,8,1,0.8,0.6,0.1,0.1,0.0,0.2,0.0,3.2,0.4286,0.5,0.0,0.4286
Billy Rayer,Saint Joseph's,G,4,10,1,3,0,0,1,3,1,1,0,0,1,3,1,0.8,0.2,0.2,0.0,0.0,0.2,0.2,2.5,0.3333,,0.3333,0.5
Bowyn Beatty,La Salle,F,10,110,4,17,0,4,0,3,25,2,4,1,8,8,5,0.8,2.5,0.2,0.4,0.1,0.8,0.0,11.0,0.2353,0.0,0.0,0.2353
Makai Grant,Dayton,G,4,6,1,4,0,0,1,3,0,0,1,0,0,3,2,0.8,0.0,0.0,0.2,0.0,0.0,0.2,1.5,0.25,,0.3333,0.375
Kirby Mooney,Richmond,G,3,13,1,3,0,0,0,1,2,1,1,0,3,2,2,0.7,0.7,0.3,0.3,0.0,1.0,0.0,4.3,0.3333,,0.0,0.3333
Zachary Royster,Loyola Chicago,F,7,19,2,5,0,0,1,4,2,0,0,0,1,5,0,0.7,0.3,0.0,0.0,0.0,0.1,0.1,2.7,0.4,,0.25,0.5
Phillip Kavu,Davidson,G,3,13,1,5,0,0,0,1,1,1,0,0,0,2,1,0.7,0.3,0.3,0.0,0.0,0.0,0.0,4.3,0.2,,0.0,0.2
Barrett Loer,Rhode Island,G,3,11,0,2,2,2,0,1,2,1,0,0,2,2,3,0.7,0.7,0.3,0.0,0.0,0.7,0.0,3.7,0.0,1.0,0.0,0.0
Kevin Kearney,Saint Joseph's,F,12,53,3,14,1,2,0,6,14,2,1,3,4,7,5,0.6,1.2,0.2,0.1,0.2,0.3,0.0,4.4,0.2143,0.5,0.0,0.2143
Evan Dickey,Dayton,G,4,9,0,1,2,2,0,1,1,0,0,0,0,2,1,0.5,0.2,0.0,0.0,0.0,0.0,0.0,2.2,0.0,1.0,0.0,0.0
Brayden Young,Loyola Chicago,F,11,52,2,3,0,3,0,0,11,1,1,1,4,4,14,0.4,1.0,0.1,0.1,0.1,0.4,0.0,4.7,0.6667,0.0,,0.6667
Xander Wedlow,St. Bonaventure,C,2,6,0,1,0,0,0,0,2,0,0,0,2,0,1,0.0,1.0,0.0,0.0,0.0,1.0,0.0,3.0,0.0,,,0.0
Broek Ostrom,St. Bonaventure,G,2,7,0,2,0,2,0,1,1,0,0,0,2,0,0,0.0,0.5,0.0,0.0,0.0,1.0,0.0,3.5,0.0,0.0,0.0,0.0
Will Maxwell,Dayton,G,2,3,0,1,0,0,0,1,0,0,0,0,0,0,0,0.0,0.0,0.0,0.0,0.0,0.0,0.0,1.5,0.0,,0.0,0.0
Samuel Yurasek,Loyola Chicago,G,3,3,0,0,0,0,0,0,0,0,0,0,0,0,0,0.0,0.0,0.0,0.0,0.0,0.0,0.0,1.0,,,,
Max Lipacis,La Salle,F,2,9,0,0,0,1,0,0,0,0,0,0,0,0,6,0.0,0.0,0.0,0.0,0.0,0.0,0.0,4.5,,0.0,,
Max Miller,Fordham,G,5,14,0,5,0,0,0,5,1,1,2,0,2,0,0,0.0,0.2,0.2,0.4,0.0,0.4,0.0,2.8,0.0,,0.0,0.0
Seamus McDermott,Duquesne,G,3,9,0,5,0,0,0,5,1,1,0,0,0,0,1,0.0,0.3,0.3,0.0,0.0,0.0,0.0,3.0,0.0,,0.0,0.0
Arlan Masharaliyev,La Salle,G,4,8,0,3,0,0,0,3,2,0,0,0,0,0,0,0.0,0.5,0.0,0.0,0.0,0.0,0.0,2.0,0.0,,0.0,0.0
T.J. Prosise,George Mason,G,4,7,0,1,0,0,0,0,0,1,1,0,0,0,1,0.0,0.0,0.2,0.2,0.0,0.0,0.0,1.8,0.0,,,0.0
Ben Woodward,George Mason,G,4,7,0,3,0,0,0,2,0,0,0,0,0,0,1,0.0,0.0,0.0,0.0,0.0,0.0,0.0,1.8,0.0,,0.0,0.0
Mohamed Binzagr,George Washington,G,4,9,0,4,0,2,0,4,2,0,1,0,1,0,1,0.0,0.5,0.0,0.2,0.0,0.2,0.0,2.2,0.0,0.0,0.0,0.0
